{
  "gold_started_at": 1783871793.8122096,
  "last_gold_time": 1783871793.8129437,
  "gold_recall_requested": false,
  "gold_force_reclaim": false
}